{
	"bkk": {
		"x": 221.62843322753906,
		"y": 472.97755432128906,
		"w": 41.719970703125,
		"h": 31.789947509765625
	},
	"spk": {
		"x": 226.6934356689453,
		"y": 481.6526184082031,
		"w": 34.969970703125,
		"h": 16.4200439453125
	},
	"nbi": {
		"x": 207.1784210205078,
		"y": 456.4225158691406,
		"w": 20.22003173828125,
		"h": 24.20001220703125
	},
	"pte": {
		"x": 222.5334701538086,
		"y": 447.382568359375,
		"w": 41.78996276855469,
		"h": 24.70001220703125
	},
	"aya": {
		"x": 215.20844268798828,
		"y": 426.8475341796875,
		"w": 39.24000549316406,
		"h": 38.92999267578125
	},
	"atg": {
		"x": 203.21337890625,
		"y": 411.1525421142578,
		"w": 21.61004638671875,
		"h": 25.240020751953125
	},
	"lri": {
		"x": 241.0934600830078,
		"y": 376.6575469970703,
		"w": 66.72994995117188,
		"h": 64.12997436523438
	},
	"sbr": {
		"x": 201.86346435546875,
		"y": 390.8025207519531,
		"w": 20.689971923828125,
		"h": 27.37994384765625
	},
	"cnt": {
		"x": 181.60845184326172,
		"y": 373.6575012207031,
		"w": 42.97999572753906,
		"h": 35.70989990234375
	},
	"sri": {
		"x": 247.6883087158203,
		"y": 409.41258239746094,
		"w": 59.260040283203125,
		"h": 55.480010986328125
	},
	"cbi": {
		"x": 265.2734680175781,
		"y": 516.1275939941406,
		"w": 59.74993896484375,
		"h": 69.00994873046875
	},
	"ryg": {
		"x": 274.15840911865234,
		"y": 531.517578125,
		"w": 57.03993225097656,
		"h": 39.85009765625
	},
	"cti": {
		"x": 321.58860778808594,
		"y": 535.112548828125,
		"w": 57.420318603515625,
		"h": 70.6400146484375
	},
	"trt": {
		"x": 353.2184295654297,
		"y": 580.4924011230469,
		"w": 44.819976806640625,
		"h": 81.86016845703125
	},
	"cco": {
		"x": 274.92832946777344,
		"y": 483.09754943847656,
		"w": 76.86001586914062,
		"h": 54.990020751953125
	},
	"pri": {
		"x": 288.6234664916992,
		"y": 452.4375457763672,
		"w": 65.34992980957031,
		"h": 60.750030517578125
	},
	"nyk": {
		"x": 260.8234100341797,
		"y": 437.6775207519531,
		"w": 39.829986572265625,
		"h": 38.16998291015625
	},
	"skw": {
		"x": 341.12852478027344,
		"y": 473.5275115966797,
		"w": 72.83999633789062,
		"h": 66.12991333007812
	},
	"nma": {
		"x": 320.66334533691406,
		"y": 387.1775817871094,
		"w": 123.37002563476562,
		"h": 116.9901123046875
	},
	"brm": {
		"x": 379.38330078125,
		"y": 387.2625732421875,
		"w": 72.31011962890625,
		"h": 115.4200439453125
	},
	"srn": {
		"x": 421.4183807373047,
		"y": 391.43255615234375,
		"w": 67.47988891601562,
		"h": 79.98004150390625
	},
	"ssk": {
		"x": 476.2733612060547,
		"y": 387.8174743652344,
		"w": 67.77011108398438,
		"h": 84.74993896484375
	},
	"ubn": {
		"x": 516.7034606933594,
		"y": 374.0425109863281,
		"w": 85.22979736328125,
		"h": 131
	},
	"yst": {
		"x": 476.66845703125,
		"y": 327.8325653076172,
		"w": 55.760009765625,
		"h": 73.76004028320312
	},
	"cpm": {
		"x": 306.56341552734375,
		"y": 313.5825653076172,
		"w": 77.030029296875,
		"h": 98.52017211914062
	},
	"acr": {
		"x": 498.83837890625,
		"y": 321.5225830078125,
		"w": 43.260009765625,
		"h": 51.96002197265625
	},
	"bkn": {
		"x": 430.0134582519531,
		"y": 167.5225830078125,
		"w": 63.449951171875,
		"h": 47.899993896484375
	},
	"nbp": {
		"x": 336.4884796142578,
		"y": 229.77755737304688,
		"w": 47.159942626953125,
		"h": 63.8699951171875
	},
	"kkn": {
		"x": 345.6084899902344,
		"y": 290.0675811767578,
		"w": 96.94000244140625,
		"h": 101.69009399414062
	},
	"udn": {
		"x": 370.8932189941406,
		"y": 214.27755737304688,
		"w": 111.3101806640625,
		"h": 90.07000732421875
	},
	"lei": {
		"x": 279.9483642578125,
		"y": 211.31748962402344,
		"w": 88.79998779296875,
		"h": 102.95010375976562
	},
	"nki": {
		"x": 363.68846130371094,
		"y": 178.97251892089844,
		"w": 91.53982543945312,
		"h": 49.79998779296875
	},
	"mkm": {
		"x": 393.2685241699219,
		"y": 313.5075378417969,
		"w": 44.51995849609375,
		"h": 86.25
	},
	"ret": {
		"x": 436.25843811035156,
		"y": 319.46754455566406,
		"w": 72.76004028320312,
		"h": 74.20999145507812
	},
	"ksn": {
		"x": 426.7085418701172,
		"y": 270.48748779296875,
		"w": 76.92019653320312,
		"h": 64.2899169921875
	},
	"snk": {
		"x": 438.4183044433594,
		"y": 215.11756134033203,
		"w": 79.840087890625,
		"h": 92.50999450683594
	},
	"npm": {
		"x": 475.48350524902344,
		"y": 216.87247467041016,
		"w": 55.389923095703125,
		"h": 87.10002136230469
	},
	"mdh": {
		"x": 484.3483581542969,
		"y": 277.2175521850586,
		"w": 61.16009521484375,
		"h": 50.43000793457031
	},
	"cmi": {
		"x": 97.76845932006836,
		"y": 124.64255905151367,
		"w": 105.15998840332031,
		"h": 203.08001708984375
	},
	"lpn": {
		"x": 111.42343139648438,
		"y": 170.37754821777344,
		"w": 44.21002197265625,
		"h": 90.57000732421875
	},
	"lpg": {
		"x": 145.7984161376953,
		"y": 152.97755432128906,
		"w": 83.9599609375,
		"h": 155.91000366210938
	},
	"utd": {
		"x": 215.98340606689453,
		"y": 191.16753387451172,
		"w": 87.27006530761719,
		"h": 85.55000305175781
	},
	"pre": {
		"x": 176.5184555053711,
		"y": 156.1025619506836,
		"w": 79.81999206542969,
		"h": 79.60002136230469
	},
	"nan": {
		"x": 236.37348175048828,
		"y": 110.38254165649414,
		"w": 68.66996765136719,
		"h": 127.77998352050781
	},
	"pyo": {
		"x": 190.43844604492188,
		"y": 85.32254409790039,
		"w": 65,
		"h": 66.03998565673828
	},
	"cri": {
		"x": 173.78843688964844,
		"y": 52.447545289993286,
		"w": 88.91998291015625,
		"h": 104.30998992919922
	},
	"msn": {
		"x": 44.3184018433094,
		"y": 123.7825698852539,
		"w": 88.1199951171875,
		"h": 153.98001098632812
	},
	"nsn": {
		"x": 177.13342666625977,
		"y": 341.24249267578125,
		"w": 118.72994232177734,
		"h": 79.21990966796875
	},
	"uti": {
		"x": 148.54338836669922,
		"y": 359.3325653076172,
		"w": 75.58998107910156,
		"h": 59.340057373046875
	},
	"kpt": {
		"x": 146.96844863891602,
		"y": 288.5325012207031,
		"w": 72.08000946044922,
		"h": 73.33990478515625
	},
	"tak": {
		"x": 84.57844734191895,
		"y": 278.3226013183594,
		"w": 114.6199951171875,
		"h": 187.7401123046875
	},
	"sti": {
		"x": 159.74846649169922,
		"y": 227.7125701904297,
		"w": 53.97996520996094,
		"h": 79.88003540039062
	},
	"plk": {
		"x": 211.84342193603516,
		"y": 243.4875717163086,
		"w": 84.44999694824219,
		"h": 100.47004699707031
	},
	"pct": {
		"x": 204.67845916748047,
		"y": 295.7726287841797,
		"w": 53.05998229980469,
		"h": 51.280120849609375
	},
	"pnb": {
		"x": 261.0084762573242,
		"y": 299.38258361816406,
		"w": 77.63990783691406,
		"h": 126.46005249023438
	},
	"rbr": {
		"x": 153.48847579956055,
		"y": 485.0625305175781,
		"w": 60.85993194580078,
		"h": 55.15997314453125
	},
	"kri": {
		"x": 113.86846160888672,
		"y": 405.86756896972656,
		"w": 114.19996643066406,
		"h": 133.81002807617188
	},
	"spb": {
		"x": 164.55345916748047,
		"y": 414.49757385253906,
		"w": 67.32997131347656,
		"h": 70.77005004882812
	},
	"npt": {
		"x": 184.6784210205078,
		"y": 458.8325500488281,
		"w": 33.800048828125,
		"h": 38.65997314453125
	},
	"skn": {
		"x": 194.39342498779297,
		"y": 482.9575500488281,
		"w": 26.290023803710938,
		"h": 21.21002197265625
	},
	"skm": {
		"x": 176.93841552734375,
		"y": 496.68756103515625,
		"w": 15.239990234375,
		"h": 18.530029296875
	},
	"pbi": {
		"x": 152.22340774536133,
		"y": 526.7977142333984,
		"w": 67.3499984741211,
		"h": 55.190216064453125
	},
	"pkn": {
		"x": 151.05841827392578,
		"y": 604.7374877929688,
		"w": 58.76005554199219,
		"h": 116.1297607421875
	},
	"nrt": {
		"x": 164.72344207763672,
		"y": 824.1775207519531,
		"w": 74.27003479003906,
		"h": 100.68988037109375
	},
	"kbi": {
		"x": 113.20343780517578,
		"y": 858.6624755859375,
		"w": 53.31004333496094,
		"h": 81.6600341796875
	},
	"pna": {
		"x": 75.17341423034668,
		"y": 821.507568359375,
		"w": 33.76999282836914,
		"h": 99.090087890625
	},
	"pkt": {
		"x": 68.09842872619629,
		"y": 864.9222717285156,
		"w": 12.57998275756836,
		"h": 29.90008544921875
	},
	"sni": {
		"x": 129.73343658447266,
		"y": 781.1973571777344,
		"w": 111.13005065917969,
		"h": 123.84967041015625
	},
	"rng": {
		"x": 89.71843338012695,